{"stats":{"minecraft:custom":{"minecraft:jump":166,"minecraft:time_since_rest":10150,"minecraft:crouch_one_cm":287,"minecraft:damage_dealt":10,"minecraft:damage_taken":20,"minecraft:sprint_one_cm":7042,"minecraft:play_time":10150,"minecraft:walk_on_water_one_cm":8168,"minecraft:time_since_death":10150,"minecraft:walk_one_cm":68981,"minecraft:sneak_time":381,"minecraft:total_world_time":10150,"minecraft:walk_under_water_one_cm":2903,"minecraft:fall_one_cm":691,"minecraft:fly_one_cm":1010,"minecraft:horse_one_cm":466},"minecraft:mined":{"minecraft:short_grass":1,"minecraft:grass_block":1}},"DataVersion":3953}