{"stats":{"minecraft:picked_up":{"minecraft:cherry_log":1,"minecraft:dirt":3},"minecraft:custom":{"minecraft:time_since_rest":15118,"minecraft:crouch_one_cm":24,"minecraft:sprint_one_cm":23480,"minecraft:play_time":15118,"minecraft:damage_taken":40,"minecraft:walk_one_cm":26219,"minecraft:sneak_time":9,"minecraft:walk_under_water_one_cm":710,"minecraft:jump":341,"minecraft:time_since_death":15118,"minecraft:walk_on_water_one_cm":1366,"minecraft:total_world_time":15118,"minecraft:swim_one_cm":7111,"minecraft:fall_one_cm":10800,"minecraft:fly_one_cm":57465,"minecraft:horse_one_cm":2840},"minecraft:used":{"minecraft:dirt":3,"minecraft:cherry_log":1},"minecraft:mined":{"minecraft:short_grass":6,"minecraft:grass_block":1,"minecraft:dirt":1,"minecraft:tall_grass":1,"minecraft:cherry_log":1}},"DataVersion":3953}